2025-10-04 17:38:15,initial,100,2025-09-04,2025-10-04,1,26.149,C0_1k
2025-10-04 17:38:15,initial,100,2025-09-04,2025-10-04,2,8.248,C0_1k
2025-10-04 17:38:15,initial,100,2025-09-04,2025-10-04,3,6.804,C0_1k
2025-10-04 17:38:15,initial,100,2025-09-04,2025-10-04,4,7.196,C0_1k
2025-10-04 17:38:15,initial,100,2025-09-04,2025-10-04,5,6.358,C0_1k
2025-10-04 17:38:15,initial,100,2025-09-04,2025-10-04,6,7.284,C0_1k
2025-10-04 17:38:15,initial,100,2025-09-04,2025-10-04,7,6.475,C0_1k
2025-10-04 17:38:15,initial,100,2025-09-04,2025-10-04,8,7.138,C0_1k
2025-10-04 17:38:15,initial,100,2025-09-04,2025-10-04,9,6.461,C0_1k
2025-10-04 17:38:15,initial,100,2025-09-04,2025-10-04,10,7.214,C0_1k
2025-10-04 17:38:15,initial,100,2025-09-04,2025-10-04,11,6.806,C0_1k
2025-10-04 17:38:15,initial,100,2025-09-04,2025-10-04,12,6.703,C0_1k
2025-10-04 17:38:15,initial,100,2025-09-04,2025-10-04,13,6.800,C0_1k
2025-10-04 17:38:15,initial,100,2025-09-04,2025-10-04,14,7.298,C0_1k
2025-10-04 17:38:15,initial,100,2025-09-04,2025-10-04,15,6.979,C0_1k
2025-10-04 17:38:16,initial,100,2025-09-04,2025-10-04,16,8.592,C0_1k
2025-10-04 17:38:16,initial,100,2025-09-04,2025-10-04,17,6.208,C0_1k
2025-10-04 17:38:16,initial,100,2025-09-04,2025-10-04,18,7.106,C0_1k
2025-10-04 17:38:16,initial,100,2025-09-04,2025-10-04,19,6.352,C0_1k
2025-10-04 17:38:16,initial,100,2025-09-04,2025-10-04,20,6.626,C0_1k
2025-10-04 17:38:16,initial,100,2025-09-04,2025-10-04,21,7.611,C0_1k
2025-10-04 17:38:16,initial,100,2025-09-04,2025-10-04,22,7.071,C0_1k
2025-10-04 17:38:16,initial,100,2025-09-04,2025-10-04,23,8.931,C0_1k
2025-10-04 17:38:16,initial,100,2025-09-04,2025-10-04,24,7.485,C0_1k
2025-10-04 17:38:16,initial,100,2025-09-04,2025-10-04,25,8.328,C0_1k
2025-10-04 17:38:16,initial,100,2025-09-04,2025-10-04,26,6.777,C0_1k
2025-10-04 17:38:16,initial,100,2025-09-04,2025-10-04,27,7.001,C0_1k
2025-10-04 17:38:16,initial,100,2025-09-04,2025-10-04,28,5.952,C0_1k
2025-10-04 17:38:16,initial,100,2025-09-04,2025-10-04,29,5.468,C0_1k
2025-10-04 17:38:16,initial,100,2025-09-04,2025-10-04,30,8.781,C0_1k
2025-10-04 17:38:34,repeat,100,2025-09-04,2025-10-04,1,7.024,C0_1k
2025-10-04 17:38:34,repeat,100,2025-09-04,2025-10-04,2,6.806,C0_1k
2025-10-04 17:38:34,repeat,100,2025-09-04,2025-10-04,3,7.465,C0_1k
2025-10-04 17:38:34,repeat,100,2025-09-04,2025-10-04,4,6.369,C0_1k
2025-10-04 17:38:34,repeat,100,2025-09-04,2025-10-04,5,7.954,C0_1k
2025-10-04 17:38:34,repeat,100,2025-09-04,2025-10-04,6,6.590,C0_1k
2025-10-04 17:38:34,repeat,100,2025-09-04,2025-10-04,7,6.776,C0_1k
2025-10-04 17:38:34,repeat,100,2025-09-04,2025-10-04,8,6.901,C0_1k
2025-10-04 17:38:34,repeat,100,2025-09-04,2025-10-04,9,6.257,C0_1k
2025-10-04 17:38:34,repeat,100,2025-09-04,2025-10-04,10,9.014,C0_1k
2025-10-04 17:38:34,repeat,100,2025-09-04,2025-10-04,11,6.673,C0_1k
2025-10-04 17:38:34,repeat,100,2025-09-04,2025-10-04,12,8.671,C0_1k
2025-10-04 17:38:34,repeat,100,2025-09-04,2025-10-04,13,6.491,C0_1k
2025-10-04 17:38:34,repeat,100,2025-09-04,2025-10-04,14,7.173,C0_1k
2025-10-04 17:38:34,repeat,100,2025-09-04,2025-10-04,15,6.608,C0_1k
2025-10-04 17:38:34,repeat,100,2025-09-04,2025-10-04,16,6.952,C0_1k
2025-10-04 17:38:34,repeat,100,2025-09-04,2025-10-04,17,6.988,C0_1k
2025-10-04 17:38:34,repeat,100,2025-09-04,2025-10-04,18,8.082,C0_1k
2025-10-04 17:38:34,repeat,100,2025-09-04,2025-10-04,19,7.087,C0_1k
2025-10-04 17:38:34,repeat,100,2025-09-04,2025-10-04,20,7.455,C0_1k
2025-10-04 17:38:34,repeat,100,2025-09-04,2025-10-04,21,8.264,C0_1k
2025-10-04 17:38:34,repeat,100,2025-09-04,2025-10-04,22,8.939,C0_1k
2025-10-04 17:38:34,repeat,100,2025-09-04,2025-10-04,23,6.531,C0_1k
2025-10-04 17:38:34,repeat,100,2025-09-04,2025-10-04,24,7.093,C0_1k
2025-10-04 17:38:34,repeat,100,2025-09-04,2025-10-04,25,6.612,C0_1k
2025-10-04 17:38:34,repeat,100,2025-09-04,2025-10-04,26,7.800,C0_1k
2025-10-04 17:38:34,repeat,100,2025-09-04,2025-10-04,27,6.306,C0_1k
2025-10-04 17:38:34,repeat,100,2025-09-04,2025-10-04,28,6.501,C0_1k
2025-10-04 17:38:34,repeat,100,2025-09-04,2025-10-04,29,6.932,C0_1k
2025-10-04 17:38:34,repeat,100,2025-09-04,2025-10-04,30,6.328,C0_1k
2025-10-04 17:39:13,repeat,100,2025-09-04,2025-10-04,1,5.943,C0_1k
2025-10-04 17:39:13,repeat,100,2025-09-04,2025-10-04,2,6.178,C0_1k
2025-10-04 17:39:13,repeat,100,2025-09-04,2025-10-04,3,8.614,C0_1k
2025-10-04 17:39:13,repeat,100,2025-09-04,2025-10-04,4,5.697,C0_1k
2025-10-04 17:39:13,repeat,100,2025-09-04,2025-10-04,5,6.448,C0_1k
2025-10-04 17:39:13,repeat,100,2025-09-04,2025-10-04,6,5.942,C0_1k
2025-10-04 17:39:13,repeat,100,2025-09-04,2025-10-04,7,6.054,C0_1k
2025-10-04 17:39:13,repeat,100,2025-09-04,2025-10-04,8,6.691,C0_1k
2025-10-04 17:39:13,repeat,100,2025-09-04,2025-10-04,9,6.621,C0_1k
2025-10-04 17:39:13,repeat,100,2025-09-04,2025-10-04,10,7.115,C0_1k
2025-10-04 17:39:13,repeat,100,2025-09-04,2025-10-04,11,6.609,C0_1k
2025-10-04 17:39:13,repeat,100,2025-09-04,2025-10-04,12,6.135,C0_1k
2025-10-04 17:39:13,repeat,100,2025-09-04,2025-10-04,13,5.795,C0_1k
2025-10-04 17:39:13,repeat,100,2025-09-04,2025-10-04,14,5.981,C0_1k
2025-10-04 17:39:13,repeat,100,2025-09-04,2025-10-04,15,6.506,C0_1k
2025-10-04 17:39:13,repeat,100,2025-09-04,2025-10-04,16,5.852,C0_1k
2025-10-04 17:39:13,repeat,100,2025-09-04,2025-10-04,17,7.209,C0_1k
2025-10-04 17:39:13,repeat,100,2025-09-04,2025-10-04,18,5.930,C0_1k
2025-10-04 17:39:13,repeat,100,2025-09-04,2025-10-04,19,6.020,C0_1k
2025-10-04 17:39:13,repeat,100,2025-09-04,2025-10-04,20,6.450,C0_1k
2025-10-04 17:39:13,repeat,100,2025-09-04,2025-10-04,21,6.114,C0_1k
2025-10-04 17:39:13,repeat,100,2025-09-04,2025-10-04,22,6.581,C0_1k
2025-10-04 17:39:13,repeat,100,2025-09-04,2025-10-04,23,6.994,C0_1k
2025-10-04 17:39:13,repeat,100,2025-09-04,2025-10-04,24,8.082,C0_1k
2025-10-04 17:39:13,repeat,100,2025-09-04,2025-10-04,25,7.814,C0_1k
2025-10-04 17:39:13,repeat,100,2025-09-04,2025-10-04,26,6.630,C0_1k
2025-10-04 17:39:13,repeat,100,2025-09-04,2025-10-04,27,5.918,C0_1k
2025-10-04 17:39:13,repeat,100,2025-09-04,2025-10-04,28,5.949,C0_1k
2025-10-04 17:39:13,repeat,100,2025-09-04,2025-10-04,29,6.684,C0_1k
2025-10-04 17:39:13,repeat,100,2025-09-04,2025-10-04,30,6.159,C0_1k
2025-10-04 17:44:26,initial,100,2025-09-04,2025-10-04,1,23.309,C1_1k
2025-10-04 17:44:26,initial,100,2025-09-04,2025-10-04,2,6.947,C1_1k
2025-10-04 17:44:26,initial,100,2025-09-04,2025-10-04,3,7.208,C1_1k
2025-10-04 17:44:26,initial,100,2025-09-04,2025-10-04,4,6.680,C1_1k
2025-10-04 17:44:26,initial,100,2025-09-04,2025-10-04,5,7.219,C1_1k
2025-10-04 17:44:26,initial,100,2025-09-04,2025-10-04,6,6.921,C1_1k
2025-10-04 17:44:26,initial,100,2025-09-04,2025-10-04,7,6.486,C1_1k
2025-10-04 17:44:26,initial,100,2025-09-04,2025-10-04,8,9.274,C1_1k
2025-10-04 17:44:26,initial,100,2025-09-04,2025-10-04,9,10.642,C1_1k
2025-10-04 17:44:26,initial,100,2025-09-04,2025-10-04,10,9.149,C1_1k
2025-10-04 17:44:26,initial,100,2025-09-04,2025-10-04,11,11.490,C1_1k
2025-10-04 17:44:26,initial,100,2025-09-04,2025-10-04,12,10.717,C1_1k
2025-10-04 17:44:26,initial,100,2025-09-04,2025-10-04,13,8.792,C1_1k
2025-10-04 17:44:26,initial,100,2025-09-04,2025-10-04,14,10.043,C1_1k
2025-10-04 17:44:26,initial,100,2025-09-04,2025-10-04,15,8.110,C1_1k
2025-10-04 17:44:26,initial,100,2025-09-04,2025-10-04,16,7.690,C1_1k
2025-10-04 17:44:26,initial,100,2025-09-04,2025-10-04,17,8.973,C1_1k
2025-10-04 17:44:26,initial,100,2025-09-04,2025-10-04,18,8.805,C1_1k
2025-10-04 17:44:26,initial,100,2025-09-04,2025-10-04,19,8.525,C1_1k
2025-10-04 17:44:26,initial,100,2025-09-04,2025-10-04,20,8.580,C1_1k
2025-10-04 17:44:26,initial,100,2025-09-04,2025-10-04,21,7.089,C1_1k
2025-10-04 17:44:26,initial,100,2025-09-04,2025-10-04,22,8.385,C1_1k
2025-10-04 17:44:26,initial,100,2025-09-04,2025-10-04,23,7.132,C1_1k
2025-10-04 17:44:26,initial,100,2025-09-04,2025-10-04,24,9.352,C1_1k
2025-10-04 17:44:26,initial,100,2025-09-04,2025-10-04,25,7.644,C1_1k
2025-10-04 17:44:26,initial,100,2025-09-04,2025-10-04,26,8.409,C1_1k
2025-10-04 17:44:26,initial,100,2025-09-04,2025-10-04,27,7.947,C1_1k
2025-10-04 17:44:26,initial,100,2025-09-04,2025-10-04,28,9.049,C1_1k
2025-10-04 17:44:26,initial,100,2025-09-04,2025-10-04,29,7.433,C1_1k
2025-10-04 17:44:26,initial,100,2025-09-04,2025-10-04,30,8.381,C1_1k
2025-10-04 17:44:41,repeat,100,2025-09-04,2025-10-04,1,6.762,C1_1k
2025-10-04 17:44:42,repeat,100,2025-09-04,2025-10-04,2,7.672,C1_1k
2025-10-04 17:44:42,repeat,100,2025-09-04,2025-10-04,3,6.620,C1_1k
2025-10-04 17:44:42,repeat,100,2025-09-04,2025-10-04,4,7.111,C1_1k
2025-10-04 17:44:42,repeat,100,2025-09-04,2025-10-04,5,7.213,C1_1k
2025-10-04 17:44:42,repeat,100,2025-09-04,2025-10-04,6,6.743,C1_1k
2025-10-04 17:44:42,repeat,100,2025-09-04,2025-10-04,7,6.929,C1_1k
2025-10-04 17:44:42,repeat,100,2025-09-04,2025-10-04,8,7.015,C1_1k
2025-10-04 17:44:42,repeat,100,2025-09-04,2025-10-04,9,6.312,C1_1k
2025-10-04 17:44:42,repeat,100,2025-09-04,2025-10-04,10,6.900,C1_1k
2025-10-04 17:44:42,repeat,100,2025-09-04,2025-10-04,11,7.651,C1_1k
2025-10-04 17:44:42,repeat,100,2025-09-04,2025-10-04,12,8.215,C1_1k
2025-10-04 17:44:42,repeat,100,2025-09-04,2025-10-04,13,8.433,C1_1k
2025-10-04 17:44:42,repeat,100,2025-09-04,2025-10-04,14,8.359,C1_1k
2025-10-04 17:44:42,repeat,100,2025-09-04,2025-10-04,15,5.928,C1_1k
2025-10-04 17:44:42,repeat,100,2025-09-04,2025-10-04,16,8.324,C1_1k
2025-10-04 17:44:42,repeat,100,2025-09-04,2025-10-04,17,6.324,C1_1k
2025-10-04 17:44:42,repeat,100,2025-09-04,2025-10-04,18,6.362,C1_1k
2025-10-04 17:44:42,repeat,100,2025-09-04,2025-10-04,19,7.611,C1_1k
2025-10-04 17:44:42,repeat,100,2025-09-04,2025-10-04,20,6.074,C1_1k
2025-10-04 17:44:42,repeat,100,2025-09-04,2025-10-04,21,7.344,C1_1k
2025-10-04 17:44:42,repeat,100,2025-09-04,2025-10-04,22,6.970,C1_1k
2025-10-04 17:44:42,repeat,100,2025-09-04,2025-10-04,23,6.825,C1_1k
2025-10-04 17:44:42,repeat,100,2025-09-04,2025-10-04,24,5.927,C1_1k
2025-10-04 17:44:42,repeat,100,2025-09-04,2025-10-04,25,5.895,C1_1k
2025-10-04 17:44:42,repeat,100,2025-09-04,2025-10-04,26,7.660,C1_1k
2025-10-04 17:44:42,repeat,100,2025-09-04,2025-10-04,27,6.104,C1_1k
2025-10-04 17:44:42,repeat,100,2025-09-04,2025-10-04,28,5.958,C1_1k
2025-10-04 17:44:42,repeat,100,2025-09-04,2025-10-04,29,6.865,C1_1k
2025-10-04 17:44:42,repeat,100,2025-09-04,2025-10-04,30,5.828,C1_1k
2025-10-04 17:45:12,initial,100,2025-09-04,2025-10-04,1,23.491,C2_1k
2025-10-04 17:45:12,initial,100,2025-09-04,2025-10-04,2,4.219,C2_1k
2025-10-04 17:45:12,initial,100,2025-09-04,2025-10-04,3,3.158,C2_1k
2025-10-04 17:45:12,initial,100,2025-09-04,2025-10-04,4,2.771,C2_1k
2025-10-04 17:45:12,initial,100,2025-09-04,2025-10-04,5,3.480,C2_1k
2025-10-04 17:45:12,initial,100,2025-09-04,2025-10-04,6,3.277,C2_1k
2025-10-04 17:45:12,initial,100,2025-09-04,2025-10-04,7,3.087,C2_1k
2025-10-04 17:45:12,initial,100,2025-09-04,2025-10-04,8,3.489,C2_1k
2025-10-04 17:45:12,initial,100,2025-09-04,2025-10-04,9,3.003,C2_1k
2025-10-04 17:45:12,initial,100,2025-09-04,2025-10-04,10,3.922,C2_1k
2025-10-04 17:45:12,initial,100,2025-09-04,2025-10-04,11,2.930,C2_1k
2025-10-04 17:45:12,initial,100,2025-09-04,2025-10-04,12,3.129,C2_1k
2025-10-04 17:45:12,initial,100,2025-09-04,2025-10-04,13,3.198,C2_1k
2025-10-04 17:45:12,initial,100,2025-09-04,2025-10-04,14,2.953,C2_1k
2025-10-04 17:45:12,initial,100,2025-09-04,2025-10-04,15,3.607,C2_1k
2025-10-04 17:45:12,initial,100,2025-09-04,2025-10-04,16,3.194,C2_1k
2025-10-04 17:45:12,initial,100,2025-09-04,2025-10-04,17,2.997,C2_1k
2025-10-04 17:45:12,initial,100,2025-09-04,2025-10-04,18,2.818,C2_1k
2025-10-04 17:45:12,initial,100,2025-09-04,2025-10-04,19,3.207,C2_1k
2025-10-04 17:45:12,initial,100,2025-09-04,2025-10-04,20,3.171,C2_1k
2025-10-04 17:45:12,initial,100,2025-09-04,2025-10-04,21,3.843,C2_1k
2025-10-04 17:45:12,initial,100,2025-09-04,2025-10-04,22,2.983,C2_1k
2025-10-04 17:45:12,initial,100,2025-09-04,2025-10-04,23,3.008,C2_1k
2025-10-04 17:45:12,initial,100,2025-09-04,2025-10-04,24,3.192,C2_1k
2025-10-04 17:45:12,initial,100,2025-09-04,2025-10-04,25,3.727,C2_1k
2025-10-04 17:45:12,initial,100,2025-09-04,2025-10-04,26,2.938,C2_1k
2025-10-04 17:45:12,initial,100,2025-09-04,2025-10-04,27,2.845,C2_1k
2025-10-04 17:45:12,initial,100,2025-09-04,2025-10-04,28,3.226,C2_1k
2025-10-04 17:45:12,initial,100,2025-09-04,2025-10-04,29,3.973,C2_1k
2025-10-04 17:45:12,initial,100,2025-09-04,2025-10-04,30,5.291,C2_1k
2025-10-04 17:45:25,repeat,100,2025-09-04,2025-10-04,1,3.147,C2_1k
2025-10-04 17:45:25,repeat,100,2025-09-04,2025-10-04,2,3.135,C2_1k
2025-10-04 17:45:25,repeat,100,2025-09-04,2025-10-04,3,3.632,C2_1k
2025-10-04 17:45:25,repeat,100,2025-09-04,2025-10-04,4,3.133,C2_1k
2025-10-04 17:45:25,repeat,100,2025-09-04,2025-10-04,5,3.317,C2_1k
2025-10-04 17:45:25,repeat,100,2025-09-04,2025-10-04,6,3.545,C2_1k
2025-10-04 17:45:25,repeat,100,2025-09-04,2025-10-04,7,3.064,C2_1k
2025-10-04 17:45:25,repeat,100,2025-09-04,2025-10-04,8,3.126,C2_1k
2025-10-04 17:45:25,repeat,100,2025-09-04,2025-10-04,9,2.899,C2_1k
2025-10-04 17:45:25,repeat,100,2025-09-04,2025-10-04,10,3.295,C2_1k
2025-10-04 17:45:25,repeat,100,2025-09-04,2025-10-04,11,3.590,C2_1k
2025-10-04 17:45:25,repeat,100,2025-09-04,2025-10-04,12,2.997,C2_1k
2025-10-04 17:45:25,repeat,100,2025-09-04,2025-10-04,13,3.586,C2_1k
2025-10-04 17:45:25,repeat,100,2025-09-04,2025-10-04,14,3.059,C2_1k
2025-10-04 17:45:25,repeat,100,2025-09-04,2025-10-04,15,3.854,C2_1k
2025-10-04 17:45:25,repeat,100,2025-09-04,2025-10-04,16,3.094,C2_1k
2025-10-04 17:45:25,repeat,100,2025-09-04,2025-10-04,17,3.119,C2_1k
2025-10-04 17:45:25,repeat,100,2025-09-04,2025-10-04,18,3.743,C2_1k
2025-10-04 17:45:25,repeat,100,2025-09-04,2025-10-04,19,3.185,C2_1k
2025-10-04 17:45:25,repeat,100,2025-09-04,2025-10-04,20,3.079,C2_1k
2025-10-04 17:45:25,repeat,100,2025-09-04,2025-10-04,21,3.184,C2_1k
2025-10-04 17:45:25,repeat,100,2025-09-04,2025-10-04,22,3.231,C2_1k
2025-10-04 17:45:25,repeat,100,2025-09-04,2025-10-04,23,5.093,C2_1k
2025-10-04 17:45:25,repeat,100,2025-09-04,2025-10-04,24,3.540,C2_1k
2025-10-04 17:45:25,repeat,100,2025-09-04,2025-10-04,25,3.257,C2_1k
2025-10-04 17:45:25,repeat,100,2025-09-04,2025-10-04,26,3.308,C2_1k
2025-10-04 17:45:25,repeat,100,2025-09-04,2025-10-04,27,3.004,C2_1k
2025-10-04 17:45:25,repeat,100,2025-09-04,2025-10-04,28,3.714,C2_1k
2025-10-04 17:45:25,repeat,100,2025-09-04,2025-10-04,29,2.994,C2_1k
2025-10-04 17:45:25,repeat,100,2025-09-04,2025-10-04,30,3.040,C2_1k
2025-10-04 17:45:48,initial,100,2025-09-04,2025-10-04,1,21.909,C3_1k
2025-10-04 17:45:48,initial,100,2025-09-04,2025-10-04,2,3.244,C3_1k
2025-10-04 17:45:48,initial,100,2025-09-04,2025-10-04,3,3.173,C3_1k
2025-10-04 17:45:48,initial,100,2025-09-04,2025-10-04,4,3.552,C3_1k
2025-10-04 17:45:48,initial,100,2025-09-04,2025-10-04,5,3.116,C3_1k
2025-10-04 17:45:48,initial,100,2025-09-04,2025-10-04,6,3.490,C3_1k
2025-10-04 17:45:48,initial,100,2025-09-04,2025-10-04,7,2.990,C3_1k
2025-10-04 17:45:48,initial,100,2025-09-04,2025-10-04,8,3.107,C3_1k
2025-10-04 17:45:48,initial,100,2025-09-04,2025-10-04,9,3.528,C3_1k
2025-10-04 17:45:48,initial,100,2025-09-04,2025-10-04,10,2.952,C3_1k
2025-10-04 17:45:48,initial,100,2025-09-04,2025-10-04,11,3.468,C3_1k
2025-10-04 17:45:48,initial,100,2025-09-04,2025-10-04,12,2.989,C3_1k
2025-10-04 17:45:48,initial,100,2025-09-04,2025-10-04,13,3.124,C3_1k
2025-10-04 17:45:48,initial,100,2025-09-04,2025-10-04,14,3.424,C3_1k
2025-10-04 17:45:48,initial,100,2025-09-04,2025-10-04,15,2.951,C3_1k
2025-10-04 17:45:48,initial,100,2025-09-04,2025-10-04,16,3.471,C3_1k
2025-10-04 17:45:48,initial,100,2025-09-04,2025-10-04,17,2.871,C3_1k
2025-10-04 17:45:48,initial,100,2025-09-04,2025-10-04,18,2.971,C3_1k
2025-10-04 17:45:48,initial,100,2025-09-04,2025-10-04,19,4.269,C3_1k
2025-10-04 17:45:48,initial,100,2025-09-04,2025-10-04,20,2.938,C3_1k
2025-10-04 17:45:48,initial,100,2025-09-04,2025-10-04,21,3.387,C3_1k
2025-10-04 17:45:48,initial,100,2025-09-04,2025-10-04,22,3.037,C3_1k
2025-10-04 17:45:48,initial,100,2025-09-04,2025-10-04,23,2.919,C3_1k
2025-10-04 17:45:48,initial,100,2025-09-04,2025-10-04,24,3.569,C3_1k
2025-10-04 17:45:48,initial,100,2025-09-04,2025-10-04,25,3.500,C3_1k
2025-10-04 17:45:48,initial,100,2025-09-04,2025-10-04,26,2.982,C3_1k
2025-10-04 17:45:48,initial,100,2025-09-04,2025-10-04,27,2.949,C3_1k
2025-10-04 17:45:48,initial,100,2025-09-04,2025-10-04,28,3.487,C3_1k
2025-10-04 17:45:48,initial,100,2025-09-04,2025-10-04,29,3.023,C3_1k
2025-10-04 17:45:48,initial,100,2025-09-04,2025-10-04,30,3.336,C3_1k
2025-10-04 17:45:57,repeat,100,2025-09-04,2025-10-04,1,3.060,C3_1k
2025-10-04 17:45:57,repeat,100,2025-09-04,2025-10-04,2,2.970,C3_1k
2025-10-04 17:45:57,repeat,100,2025-09-04,2025-10-04,3,3.765,C3_1k
2025-10-04 17:45:57,repeat,100,2025-09-04,2025-10-04,4,3.013,C3_1k
2025-10-04 17:45:57,repeat,100,2025-09-04,2025-10-04,5,3.204,C3_1k
2025-10-04 17:45:57,repeat,100,2025-09-04,2025-10-04,6,3.320,C3_1k
2025-10-04 17:45:57,repeat,100,2025-09-04,2025-10-04,7,3.043,C3_1k
2025-10-04 17:45:57,repeat,100,2025-09-04,2025-10-04,8,3.639,C3_1k
2025-10-04 17:45:57,repeat,100,2025-09-04,2025-10-04,9,3.072,C3_1k
2025-10-04 17:45:57,repeat,100,2025-09-04,2025-10-04,10,3.285,C3_1k
2025-10-04 17:45:57,repeat,100,2025-09-04,2025-10-04,11,2.894,C3_1k
2025-10-04 17:45:57,repeat,100,2025-09-04,2025-10-04,12,3.220,C3_1k
2025-10-04 17:45:57,repeat,100,2025-09-04,2025-10-04,13,4.398,C3_1k
2025-10-04 17:45:57,repeat,100,2025-09-04,2025-10-04,14,2.999,C3_1k
2025-10-04 17:45:57,repeat,100,2025-09-04,2025-10-04,15,3.491,C3_1k
2025-10-04 17:45:57,repeat,100,2025-09-04,2025-10-04,16,2.900,C3_1k
2025-10-04 17:45:57,repeat,100,2025-09-04,2025-10-04,17,3.608,C3_1k
2025-10-04 17:45:57,repeat,100,2025-09-04,2025-10-04,18,3.028,C3_1k
2025-10-04 17:45:57,repeat,100,2025-09-04,2025-10-04,19,3.282,C3_1k
2025-10-04 17:45:57,repeat,100,2025-09-04,2025-10-04,20,3.141,C3_1k
2025-10-04 17:45:57,repeat,100,2025-09-04,2025-10-04,21,3.063,C3_1k
2025-10-04 17:45:57,repeat,100,2025-09-04,2025-10-04,22,3.739,C3_1k
2025-10-04 17:45:57,repeat,100,2025-09-04,2025-10-04,23,3.545,C3_1k
2025-10-04 17:45:57,repeat,100,2025-09-04,2025-10-04,24,3.366,C3_1k
2025-10-04 17:45:57,repeat,100,2025-09-04,2025-10-04,25,2.874,C3_1k
2025-10-04 17:45:57,repeat,100,2025-09-04,2025-10-04,26,3.146,C3_1k
2025-10-04 17:45:57,repeat,100,2025-09-04,2025-10-04,27,3.403,C3_1k
2025-10-04 17:45:57,repeat,100,2025-09-04,2025-10-04,28,2.952,C3_1k
2025-10-04 17:45:57,repeat,100,2025-09-04,2025-10-04,29,3.040,C3_1k
2025-10-04 17:45:57,repeat,100,2025-09-04,2025-10-04,30,3.630,C3_1k
2025-10-04 17:47:27,initial,100,2025-09-04,2025-10-04,1,17.218,C0_5k
2025-10-04 17:47:27,initial,100,2025-09-04,2025-10-04,2,6.737,C0_5k
2025-10-04 17:47:27,initial,100,2025-09-04,2025-10-04,3,6.526,C0_5k
2025-10-04 17:47:27,initial,100,2025-09-04,2025-10-04,4,7.460,C0_5k
2025-10-04 17:47:27,initial,100,2025-09-04,2025-10-04,5,6.554,C0_5k
2025-10-04 17:47:27,initial,100,2025-09-04,2025-10-04,6,6.322,C0_5k
2025-10-04 17:47:27,initial,100,2025-09-04,2025-10-04,7,5.793,C0_5k
2025-10-04 17:47:27,initial,100,2025-09-04,2025-10-04,8,6.314,C0_5k
2025-10-04 17:47:27,initial,100,2025-09-04,2025-10-04,9,7.071,C0_5k
2025-10-04 17:47:27,initial,100,2025-09-04,2025-10-04,10,9.275,C0_5k
2025-10-04 17:47:27,initial,100,2025-09-04,2025-10-04,11,7.343,C0_5k
2025-10-04 17:47:27,initial,100,2025-09-04,2025-10-04,12,7.464,C0_5k
2025-10-04 17:47:27,initial,100,2025-09-04,2025-10-04,13,5.946,C0_5k
2025-10-04 17:47:27,initial,100,2025-09-04,2025-10-04,14,6.666,C0_5k
2025-10-04 17:47:27,initial,100,2025-09-04,2025-10-04,15,6.080,C0_5k
2025-10-04 17:47:27,initial,100,2025-09-04,2025-10-04,16,6.007,C0_5k
2025-10-04 17:47:27,initial,100,2025-09-04,2025-10-04,17,6.031,C0_5k
2025-10-04 17:47:27,initial,100,2025-09-04,2025-10-04,18,5.769,C0_5k
2025-10-04 17:47:27,initial,100,2025-09-04,2025-10-04,19,6.656,C0_5k
2025-10-04 17:47:27,initial,100,2025-09-04,2025-10-04,20,5.954,C0_5k
2025-10-04 17:47:27,initial,100,2025-09-04,2025-10-04,21,5.976,C0_5k
2025-10-04 17:47:27,initial,100,2025-09-04,2025-10-04,22,6.039,C0_5k
2025-10-04 17:47:27,initial,100,2025-09-04,2025-10-04,23,5.667,C0_5k
2025-10-04 17:47:27,initial,100,2025-09-04,2025-10-04,24,6.784,C0_5k
2025-10-04 17:47:27,initial,100,2025-09-04,2025-10-04,25,6.109,C0_5k
2025-10-04 17:47:27,initial,100,2025-09-04,2025-10-04,26,5.912,C0_5k
2025-10-04 17:47:27,initial,100,2025-09-04,2025-10-04,27,6.699,C0_5k
2025-10-04 17:47:27,initial,100,2025-09-04,2025-10-04,28,5.881,C0_5k
2025-10-04 17:47:27,initial,100,2025-09-04,2025-10-04,29,6.865,C0_5k
2025-10-04 17:47:27,initial,100,2025-09-04,2025-10-04,30,5.962,C0_5k
2025-10-04 17:47:40,repeat,100,2025-09-04,2025-10-04,1,6.520,C0_5k
2025-10-04 17:47:40,repeat,100,2025-09-04,2025-10-04,2,6.209,C0_5k
2025-10-04 17:47:40,repeat,100,2025-09-04,2025-10-04,3,6.369,C0_5k
2025-10-04 17:47:40,repeat,100,2025-09-04,2025-10-04,4,6.833,C0_5k
2025-10-04 17:47:40,repeat,100,2025-09-04,2025-10-04,5,6.699,C0_5k
2025-10-04 17:47:40,repeat,100,2025-09-04,2025-10-04,6,7.126,C0_5k
2025-10-04 17:47:40,repeat,100,2025-09-04,2025-10-04,7,7.377,C0_5k
2025-10-04 17:47:40,repeat,100,2025-09-04,2025-10-04,8,7.036,C0_5k
2025-10-04 17:47:40,repeat,100,2025-09-04,2025-10-04,9,6.631,C0_5k
2025-10-04 17:47:40,repeat,100,2025-09-04,2025-10-04,10,6.204,C0_5k
2025-10-04 17:47:40,repeat,100,2025-09-04,2025-10-04,11,6.338,C0_5k
2025-10-04 17:47:40,repeat,100,2025-09-04,2025-10-04,12,6.075,C0_5k
2025-10-04 17:47:40,repeat,100,2025-09-04,2025-10-04,13,63.602,C0_5k
2025-10-04 17:47:40,repeat,100,2025-09-04,2025-10-04,14,15.062,C0_5k
2025-10-04 17:47:40,repeat,100,2025-09-04,2025-10-04,15,7.552,C0_5k
2025-10-04 17:47:40,repeat,100,2025-09-04,2025-10-04,16,5.604,C0_5k
2025-10-04 17:47:40,repeat,100,2025-09-04,2025-10-04,17,7.086,C0_5k
2025-10-04 17:47:40,repeat,100,2025-09-04,2025-10-04,18,6.493,C0_5k
2025-10-04 17:47:40,repeat,100,2025-09-04,2025-10-04,19,6.936,C0_5k
2025-10-04 17:47:40,repeat,100,2025-09-04,2025-10-04,20,6.428,C0_5k
2025-10-04 17:47:40,repeat,100,2025-09-04,2025-10-04,21,8.116,C0_5k
2025-10-04 17:47:40,repeat,100,2025-09-04,2025-10-04,22,6.259,C0_5k
2025-10-04 17:47:40,repeat,100,2025-09-04,2025-10-04,23,6.007,C0_5k
2025-10-04 17:47:40,repeat,100,2025-09-04,2025-10-04,24,6.696,C0_5k
2025-10-04 17:47:40,repeat,100,2025-09-04,2025-10-04,25,6.052,C0_5k
2025-10-04 17:47:40,repeat,100,2025-09-04,2025-10-04,26,6.789,C0_5k
2025-10-04 17:47:40,repeat,100,2025-09-04,2025-10-04,27,6.268,C0_5k
2025-10-04 17:47:40,repeat,100,2025-09-04,2025-10-04,28,6.417,C0_5k
2025-10-04 17:47:40,repeat,100,2025-09-04,2025-10-04,29,6.922,C0_5k
2025-10-04 17:47:40,repeat,100,2025-09-04,2025-10-04,30,6.195,C0_5k
2025-10-04 17:48:05,initial,100,2025-09-04,2025-10-04,1,188.494,C1_5k
2025-10-04 17:48:05,initial,100,2025-09-04,2025-10-04,2,29.303,C1_5k
2025-10-04 17:48:05,initial,100,2025-09-04,2025-10-04,3,18.704,C1_5k
2025-10-04 17:48:05,initial,100,2025-09-04,2025-10-04,4,6.529,C1_5k
2025-10-04 17:48:05,initial,100,2025-09-04,2025-10-04,5,6.967,C1_5k
2025-10-04 17:48:05,initial,100,2025-09-04,2025-10-04,6,5.682,C1_5k
2025-10-04 17:48:05,initial,100,2025-09-04,2025-10-04,7,5.955,C1_5k
2025-10-04 17:48:05,initial,100,2025-09-04,2025-10-04,8,5.589,C1_5k
2025-10-04 17:48:05,initial,100,2025-09-04,2025-10-04,9,5.316,C1_5k
2025-10-04 17:48:05,initial,100,2025-09-04,2025-10-04,10,5.626,C1_5k
2025-10-04 17:48:05,initial,100,2025-09-04,2025-10-04,11,5.684,C1_5k
2025-10-04 17:48:05,initial,100,2025-09-04,2025-10-04,12,5.575,C1_5k
2025-10-04 17:48:05,initial,100,2025-09-04,2025-10-04,13,5.866,C1_5k
2025-10-04 17:48:05,initial,100,2025-09-04,2025-10-04,14,5.518,C1_5k
2025-10-04 17:48:05,initial,100,2025-09-04,2025-10-04,15,5.717,C1_5k
2025-10-04 17:48:05,initial,100,2025-09-04,2025-10-04,16,5.469,C1_5k
2025-10-04 17:48:05,initial,100,2025-09-04,2025-10-04,17,5.413,C1_5k
2025-10-04 17:48:05,initial,100,2025-09-04,2025-10-04,18,6.120,C1_5k
2025-10-04 17:48:05,initial,100,2025-09-04,2025-10-04,19,5.426,C1_5k
2025-10-04 17:48:05,initial,100,2025-09-04,2025-10-04,20,5.736,C1_5k
2025-10-04 17:48:05,initial,100,2025-09-04,2025-10-04,21,6.007,C1_5k
2025-10-04 17:48:05,initial,100,2025-09-04,2025-10-04,22,5.341,C1_5k
2025-10-04 17:48:05,initial,100,2025-09-04,2025-10-04,23,6.554,C1_5k
2025-10-04 17:48:05,initial,100,2025-09-04,2025-10-04,24,5.057,C1_5k
2025-10-04 17:48:05,initial,100,2025-09-04,2025-10-04,25,5.547,C1_5k
2025-10-04 17:48:05,initial,100,2025-09-04,2025-10-04,26,7.164,C1_5k
2025-10-04 17:48:05,initial,100,2025-09-04,2025-10-04,27,5.467,C1_5k
2025-10-04 17:48:05,initial,100,2025-09-04,2025-10-04,28,5.517,C1_5k
2025-10-04 17:48:05,initial,100,2025-09-04,2025-10-04,29,5.634,C1_5k
2025-10-04 17:48:05,initial,100,2025-09-04,2025-10-04,30,5.687,C1_5k
2025-10-04 17:48:13,repeat,100,2025-09-04,2025-10-04,1,5.943,C1_5k
2025-10-04 17:48:13,repeat,100,2025-09-04,2025-10-04,2,6.842,C1_5k
2025-10-04 17:48:13,repeat,100,2025-09-04,2025-10-04,3,5.593,C1_5k
2025-10-04 17:48:13,repeat,100,2025-09-04,2025-10-04,4,6.519,C1_5k
2025-10-04 17:48:13,repeat,100,2025-09-04,2025-10-04,5,5.790,C1_5k
2025-10-04 17:48:13,repeat,100,2025-09-04,2025-10-04,6,5.897,C1_5k
2025-10-04 17:48:13,repeat,100,2025-09-04,2025-10-04,7,7.357,C1_5k
2025-10-04 17:48:13,repeat,100,2025-09-04,2025-10-04,8,6.285,C1_5k
2025-10-04 17:48:13,repeat,100,2025-09-04,2025-10-04,9,6.627,C1_5k
2025-10-04 17:48:14,repeat,100,2025-09-04,2025-10-04,10,6.282,C1_5k
2025-10-04 17:48:14,repeat,100,2025-09-04,2025-10-04,11,10.873,C1_5k
2025-10-04 17:48:14,repeat,100,2025-09-04,2025-10-04,12,6.061,C1_5k
2025-10-04 17:48:14,repeat,100,2025-09-04,2025-10-04,13,5.764,C1_5k
2025-10-04 17:48:14,repeat,100,2025-09-04,2025-10-04,14,6.426,C1_5k
2025-10-04 17:48:14,repeat,100,2025-09-04,2025-10-04,15,6.138,C1_5k
2025-10-04 17:48:14,repeat,100,2025-09-04,2025-10-04,16,6.677,C1_5k
2025-10-04 17:48:14,repeat,100,2025-09-04,2025-10-04,17,5.843,C1_5k
2025-10-04 17:48:14,repeat,100,2025-09-04,2025-10-04,18,6.228,C1_5k
2025-10-04 17:48:14,repeat,100,2025-09-04,2025-10-04,19,6.569,C1_5k
2025-10-04 17:48:14,repeat,100,2025-09-04,2025-10-04,20,6.098,C1_5k
2025-10-04 17:48:14,repeat,100,2025-09-04,2025-10-04,21,6.688,C1_5k
2025-10-04 17:48:14,repeat,100,2025-09-04,2025-10-04,22,6.226,C1_5k
2025-10-04 17:48:14,repeat,100,2025-09-04,2025-10-04,23,6.902,C1_5k
2025-10-04 17:48:14,repeat,100,2025-09-04,2025-10-04,24,6.053,C1_5k
2025-10-04 17:48:14,repeat,100,2025-09-04,2025-10-04,25,5.339,C1_5k
2025-10-04 17:48:14,repeat,100,2025-09-04,2025-10-04,26,6.201,C1_5k
2025-10-04 17:48:14,repeat,100,2025-09-04,2025-10-04,27,5.959,C1_5k
2025-10-04 17:48:14,repeat,100,2025-09-04,2025-10-04,28,5.958,C1_5k
2025-10-04 17:48:14,repeat,100,2025-09-04,2025-10-04,29,6.448,C1_5k
2025-10-04 17:48:14,repeat,100,2025-09-04,2025-10-04,30,5.902,C1_5k
2025-10-04 17:48:42,initial,100,2025-09-04,2025-10-04,1,22.247,C2_5k
2025-10-04 17:48:42,initial,100,2025-09-04,2025-10-04,2,3.231,C2_5k
2025-10-04 17:48:42,initial,100,2025-09-04,2025-10-04,3,3.105,C2_5k
2025-10-04 17:48:42,initial,100,2025-09-04,2025-10-04,4,3.840,C2_5k
2025-10-04 17:48:42,initial,100,2025-09-04,2025-10-04,5,3.080,C2_5k
2025-10-04 17:48:42,initial,100,2025-09-04,2025-10-04,6,3.273,C2_5k
2025-10-04 17:48:42,initial,100,2025-09-04,2025-10-04,7,3.297,C2_5k
2025-10-04 17:48:42,initial,100,2025-09-04,2025-10-04,8,3.112,C2_5k
2025-10-04 17:48:42,initial,100,2025-09-04,2025-10-04,9,3.410,C2_5k
2025-10-04 17:48:42,initial,100,2025-09-04,2025-10-04,10,3.355,C2_5k
2025-10-04 17:48:42,initial,100,2025-09-04,2025-10-04,11,2.943,C2_5k
2025-10-04 17:48:42,initial,100,2025-09-04,2025-10-04,12,3.345,C2_5k
2025-10-04 17:48:42,initial,100,2025-09-04,2025-10-04,13,3.062,C2_5k
2025-10-04 17:48:42,initial,100,2025-09-04,2025-10-04,14,3.589,C2_5k
2025-10-04 17:48:42,initial,100,2025-09-04,2025-10-04,15,3.042,C2_5k
2025-10-04 17:48:42,initial,100,2025-09-04,2025-10-04,16,2.901,C2_5k
2025-10-04 17:48:42,initial,100,2025-09-04,2025-10-04,17,2.988,C2_5k
2025-10-04 17:48:42,initial,100,2025-09-04,2025-10-04,18,3.479,C2_5k
2025-10-04 17:48:42,initial,100,2025-09-04,2025-10-04,19,3.612,C2_5k
2025-10-04 17:48:42,initial,100,2025-09-04,2025-10-04,20,3.183,C2_5k
2025-10-04 17:48:42,initial,100,2025-09-04,2025-10-04,21,3.336,C2_5k
2025-10-04 17:48:42,initial,100,2025-09-04,2025-10-04,22,2.962,C2_5k
2025-10-04 17:48:42,initial,100,2025-09-04,2025-10-04,23,3.324,C2_5k
2025-10-04 17:48:42,initial,100,2025-09-04,2025-10-04,24,3.730,C2_5k
2025-10-04 17:48:42,initial,100,2025-09-04,2025-10-04,25,3.076,C2_5k
2025-10-04 17:48:42,initial,100,2025-09-04,2025-10-04,26,3.120,C2_5k
2025-10-04 17:48:42,initial,100,2025-09-04,2025-10-04,27,2.992,C2_5k
2025-10-04 17:48:42,initial,100,2025-09-04,2025-10-04,28,3.264,C2_5k
2025-10-04 17:48:42,initial,100,2025-09-04,2025-10-04,29,3.403,C2_5k
2025-10-04 17:48:42,initial,100,2025-09-04,2025-10-04,30,3.055,C2_5k
2025-10-04 17:48:50,repeat,100,2025-09-04,2025-10-04,1,3.095,C2_5k
2025-10-04 17:48:50,repeat,100,2025-09-04,2025-10-04,2,3.151,C2_5k
2025-10-04 17:48:50,repeat,100,2025-09-04,2025-10-04,3,3.559,C2_5k
2025-10-04 17:48:50,repeat,100,2025-09-04,2025-10-04,4,3.106,C2_5k
2025-10-04 17:48:50,repeat,100,2025-09-04,2025-10-04,5,3.079,C2_5k
2025-10-04 17:48:50,repeat,100,2025-09-04,2025-10-04,6,3.007,C2_5k
2025-10-04 17:48:50,repeat,100,2025-09-04,2025-10-04,7,3.005,C2_5k
2025-10-04 17:48:50,repeat,100,2025-09-04,2025-10-04,8,3.808,C2_5k
2025-10-04 17:48:50,repeat,100,2025-09-04,2025-10-04,9,2.825,C2_5k
2025-10-04 17:48:50,repeat,100,2025-09-04,2025-10-04,10,3.056,C2_5k
2025-10-04 17:48:50,repeat,100,2025-09-04,2025-10-04,11,3.318,C2_5k
2025-10-04 17:48:50,repeat,100,2025-09-04,2025-10-04,12,3.007,C2_5k
2025-10-04 17:48:50,repeat,100,2025-09-04,2025-10-04,13,3.630,C2_5k
2025-10-04 17:48:50,repeat,100,2025-09-04,2025-10-04,14,3.409,C2_5k
2025-10-04 17:48:50,repeat,100,2025-09-04,2025-10-04,15,3.128,C2_5k
2025-10-04 17:48:50,repeat,100,2025-09-04,2025-10-04,16,3.046,C2_5k
2025-10-04 17:48:50,repeat,100,2025-09-04,2025-10-04,17,3.184,C2_5k
2025-10-04 17:48:50,repeat,100,2025-09-04,2025-10-04,18,3.332,C2_5k
2025-10-04 17:48:50,repeat,100,2025-09-04,2025-10-04,19,3.334,C2_5k
2025-10-04 17:48:50,repeat,100,2025-09-04,2025-10-04,20,3.007,C2_5k
2025-10-04 17:48:50,repeat,100,2025-09-04,2025-10-04,21,3.008,C2_5k
2025-10-04 17:48:50,repeat,100,2025-09-04,2025-10-04,22,3.695,C2_5k
2025-10-04 17:48:50,repeat,100,2025-09-04,2025-10-04,23,3.263,C2_5k
2025-10-04 17:48:50,repeat,100,2025-09-04,2025-10-04,24,3.184,C2_5k
2025-10-04 17:48:50,repeat,100,2025-09-04,2025-10-04,25,3.156,C2_5k
2025-10-04 17:48:50,repeat,100,2025-09-04,2025-10-04,26,3.160,C2_5k
2025-10-04 17:48:50,repeat,100,2025-09-04,2025-10-04,27,3.806,C2_5k
2025-10-04 17:48:50,repeat,100,2025-09-04,2025-10-04,28,2.901,C2_5k
2025-10-04 17:48:50,repeat,100,2025-09-04,2025-10-04,29,3.594,C2_5k
2025-10-04 17:48:50,repeat,100,2025-09-04,2025-10-04,30,3.026,C2_5k
2025-10-04 17:49:12,initial,100,2025-09-04,2025-10-04,1,69.437,C3_5k
2025-10-04 17:49:12,initial,100,2025-09-04,2025-10-04,2,3.664,C3_5k
2025-10-04 17:49:12,initial,100,2025-09-04,2025-10-04,3,3.262,C3_5k
2025-10-04 17:49:12,initial,100,2025-09-04,2025-10-04,4,3.218,C3_5k
2025-10-04 17:49:12,initial,100,2025-09-04,2025-10-04,5,3.596,C3_5k
2025-10-04 17:49:12,initial,100,2025-09-04,2025-10-04,6,4.207,C3_5k
2025-10-04 17:49:12,initial,100,2025-09-04,2025-10-04,7,2.848,C3_5k
2025-10-04 17:49:12,initial,100,2025-09-04,2025-10-04,8,3.580,C3_5k
2025-10-04 17:49:12,initial,100,2025-09-04,2025-10-04,9,2.951,C3_5k
2025-10-04 17:49:12,initial,100,2025-09-04,2025-10-04,10,3.459,C3_5k
2025-10-04 17:49:12,initial,100,2025-09-04,2025-10-04,11,2.916,C3_5k
2025-10-04 17:49:12,initial,100,2025-09-04,2025-10-04,12,3.114,C3_5k
2025-10-04 17:49:12,initial,100,2025-09-04,2025-10-04,13,3.189,C3_5k
2025-10-04 17:49:12,initial,100,2025-09-04,2025-10-04,14,3.051,C3_5k
2025-10-04 17:49:12,initial,100,2025-09-04,2025-10-04,15,3.935,C3_5k
2025-10-04 17:49:12,initial,100,2025-09-04,2025-10-04,16,3.040,C3_5k
2025-10-04 17:49:12,initial,100,2025-09-04,2025-10-04,17,3.361,C3_5k
2025-10-04 17:49:12,initial,100,2025-09-04,2025-10-04,18,3.008,C3_5k
2025-10-04 17:49:12,initial,100,2025-09-04,2025-10-04,19,2.990,C3_5k
2025-10-04 17:49:12,initial,100,2025-09-04,2025-10-04,20,3.411,C3_5k
2025-10-04 17:49:12,initial,100,2025-09-04,2025-10-04,21,3.270,C3_5k
2025-10-04 17:49:12,initial,100,2025-09-04,2025-10-04,22,3.136,C3_5k
2025-10-04 17:49:12,initial,100,2025-09-04,2025-10-04,23,3.688,C3_5k
2025-10-04 17:49:12,initial,100,2025-09-04,2025-10-04,24,4.071,C3_5k
2025-10-04 17:49:12,initial,100,2025-09-04,2025-10-04,25,3.356,C3_5k
2025-10-04 17:49:12,initial,100,2025-09-04,2025-10-04,26,3.648,C3_5k
2025-10-04 17:49:12,initial,100,2025-09-04,2025-10-04,27,2.906,C3_5k
2025-10-04 17:49:12,initial,100,2025-09-04,2025-10-04,28,3.942,C3_5k
2025-10-04 17:49:12,initial,100,2025-09-04,2025-10-04,29,4.360,C3_5k
2025-10-04 17:49:12,initial,100,2025-09-04,2025-10-04,30,3.010,C3_5k
2025-10-04 17:49:18,repeat,100,2025-09-04,2025-10-04,1,3.312,C3_5k
2025-10-04 17:49:18,repeat,100,2025-09-04,2025-10-04,2,3.018,C3_5k
2025-10-04 17:49:18,repeat,100,2025-09-04,2025-10-04,3,3.400,C3_5k
2025-10-04 17:49:18,repeat,100,2025-09-04,2025-10-04,4,2.903,C3_5k
2025-10-04 17:49:18,repeat,100,2025-09-04,2025-10-04,5,3.232,C3_5k
2025-10-04 17:49:18,repeat,100,2025-09-04,2025-10-04,6,3.459,C3_5k
2025-10-04 17:49:18,repeat,100,2025-09-04,2025-10-04,7,3.036,C3_5k
2025-10-04 17:49:18,repeat,100,2025-09-04,2025-10-04,8,3.027,C3_5k
2025-10-04 17:49:18,repeat,100,2025-09-04,2025-10-04,9,2.886,C3_5k
2025-10-04 17:49:18,repeat,100,2025-09-04,2025-10-04,10,3.329,C3_5k
2025-10-04 17:49:18,repeat,100,2025-09-04,2025-10-04,11,3.311,C3_5k
2025-10-04 17:49:18,repeat,100,2025-09-04,2025-10-04,12,3.387,C3_5k
2025-10-04 17:49:18,repeat,100,2025-09-04,2025-10-04,13,3.810,C3_5k
2025-10-04 17:49:18,repeat,100,2025-09-04,2025-10-04,14,2.882,C3_5k
2025-10-04 17:49:18,repeat,100,2025-09-04,2025-10-04,15,3.749,C3_5k
2025-10-04 17:49:18,repeat,100,2025-09-04,2025-10-04,16,3.453,C3_5k
2025-10-04 17:49:18,repeat,100,2025-09-04,2025-10-04,17,3.231,C3_5k
2025-10-04 17:49:18,repeat,100,2025-09-04,2025-10-04,18,2.916,C3_5k
2025-10-04 17:49:18,repeat,100,2025-09-04,2025-10-04,19,3.107,C3_5k
2025-10-04 17:49:18,repeat,100,2025-09-04,2025-10-04,20,3.538,C3_5k
2025-10-04 17:49:18,repeat,100,2025-09-04,2025-10-04,21,2.988,C3_5k
2025-10-04 17:49:18,repeat,100,2025-09-04,2025-10-04,22,3.412,C3_5k
2025-10-04 17:49:18,repeat,100,2025-09-04,2025-10-04,23,2.959,C3_5k
2025-10-04 17:49:18,repeat,100,2025-09-04,2025-10-04,24,3.007,C3_5k
2025-10-04 17:49:18,repeat,100,2025-09-04,2025-10-04,25,3.362,C3_5k
2025-10-04 17:49:18,repeat,100,2025-09-04,2025-10-04,26,2.937,C3_5k
2025-10-04 17:49:18,repeat,100,2025-09-04,2025-10-04,27,3.293,C3_5k
2025-10-04 17:49:18,repeat,100,2025-09-04,2025-10-04,28,2.867,C3_5k
2025-10-04 17:49:18,repeat,100,2025-09-04,2025-10-04,29,3.051,C3_5k
2025-10-04 17:49:18,repeat,100,2025-09-04,2025-10-04,30,3.285,C3_5k
2025-10-04 17:49:54,initial,100,2025-09-04,2025-10-04,1,132.004,C0_10k
2025-10-04 17:49:54,initial,100,2025-09-04,2025-10-04,2,9.559,C0_10k
2025-10-04 17:49:54,initial,100,2025-09-04,2025-10-04,3,10.682,C0_10k
2025-10-04 17:49:54,initial,100,2025-09-04,2025-10-04,4,6.780,C0_10k
2025-10-04 17:49:54,initial,100,2025-09-04,2025-10-04,5,7.096,C0_10k
2025-10-04 17:49:54,initial,100,2025-09-04,2025-10-04,6,6.371,C0_10k
2025-10-04 17:49:54,initial,100,2025-09-04,2025-10-04,7,7.146,C0_10k
2025-10-04 17:49:54,initial,100,2025-09-04,2025-10-04,8,6.370,C0_10k
2025-10-04 17:49:54,initial,100,2025-09-04,2025-10-04,9,6.976,C0_10k
2025-10-04 17:49:54,initial,100,2025-09-04,2025-10-04,10,6.473,C0_10k
2025-10-04 17:49:54,initial,100,2025-09-04,2025-10-04,11,6.595,C0_10k
2025-10-04 17:49:54,initial,100,2025-09-04,2025-10-04,12,7.838,C0_10k
2025-10-04 17:49:54,initial,100,2025-09-04,2025-10-04,13,6.429,C0_10k
2025-10-04 17:49:54,initial,100,2025-09-04,2025-10-04,14,6.984,C0_10k
2025-10-04 17:49:54,initial,100,2025-09-04,2025-10-04,15,6.933,C0_10k
2025-10-04 17:49:54,initial,100,2025-09-04,2025-10-04,16,6.885,C0_10k
2025-10-04 17:49:54,initial,100,2025-09-04,2025-10-04,17,6.703,C0_10k
2025-10-04 17:49:54,initial,100,2025-09-04,2025-10-04,18,6.225,C0_10k
2025-10-04 17:49:54,initial,100,2025-09-04,2025-10-04,19,6.829,C0_10k
2025-10-04 17:49:54,initial,100,2025-09-04,2025-10-04,20,6.392,C0_10k
2025-10-04 17:49:54,initial,100,2025-09-04,2025-10-04,21,6.739,C0_10k
2025-10-04 17:49:54,initial,100,2025-09-04,2025-10-04,22,6.377,C0_10k
2025-10-04 17:49:54,initial,100,2025-09-04,2025-10-04,23,7.800,C0_10k
2025-10-04 17:49:54,initial,100,2025-09-04,2025-10-04,24,7.130,C0_10k
2025-10-04 17:49:54,initial,100,2025-09-04,2025-10-04,25,8.066,C0_10k
2025-10-04 17:49:54,initial,100,2025-09-04,2025-10-04,26,7.781,C0_10k
2025-10-04 17:49:54,initial,100,2025-09-04,2025-10-04,27,9.344,C0_10k
2025-10-04 17:49:54,initial,100,2025-09-04,2025-10-04,28,7.013,C0_10k
2025-10-04 17:49:54,initial,100,2025-09-04,2025-10-04,29,7.253,C0_10k
2025-10-04 17:49:54,initial,100,2025-09-04,2025-10-04,30,5.979,C0_10k
2025-10-04 17:50:00,repeat,100,2025-09-04,2025-10-04,1,6.772,C0_10k
2025-10-04 17:50:00,repeat,100,2025-09-04,2025-10-04,2,6.657,C0_10k
2025-10-04 17:50:00,repeat,100,2025-09-04,2025-10-04,3,6.210,C0_10k
2025-10-04 17:50:00,repeat,100,2025-09-04,2025-10-04,4,6.610,C0_10k
2025-10-04 17:50:00,repeat,100,2025-09-04,2025-10-04,5,6.344,C0_10k
2025-10-04 17:50:00,repeat,100,2025-09-04,2025-10-04,6,7.447,C0_10k
2025-10-04 17:50:00,repeat,100,2025-09-04,2025-10-04,7,6.561,C0_10k
2025-10-04 17:50:00,repeat,100,2025-09-04,2025-10-04,8,6.698,C0_10k
2025-10-04 17:50:00,repeat,100,2025-09-04,2025-10-04,9,6.605,C0_10k
2025-10-04 17:50:00,repeat,100,2025-09-04,2025-10-04,10,6.293,C0_10k
2025-10-04 17:50:00,repeat,100,2025-09-04,2025-10-04,11,7.127,C0_10k
2025-10-04 17:50:00,repeat,100,2025-09-04,2025-10-04,12,6.726,C0_10k
2025-10-04 17:50:00,repeat,100,2025-09-04,2025-10-04,13,7.984,C0_10k
2025-10-04 17:50:00,repeat,100,2025-09-04,2025-10-04,14,6.088,C0_10k
2025-10-04 17:50:00,repeat,100,2025-09-04,2025-10-04,15,6.345,C0_10k
2025-10-04 17:50:00,repeat,100,2025-09-04,2025-10-04,16,8.154,C0_10k
2025-10-04 17:50:00,repeat,100,2025-09-04,2025-10-04,17,6.302,C0_10k
2025-10-04 17:50:00,repeat,100,2025-09-04,2025-10-04,18,7.076,C0_10k
2025-10-04 17:50:00,repeat,100,2025-09-04,2025-10-04,19,6.856,C0_10k
2025-10-04 17:50:00,repeat,100,2025-09-04,2025-10-04,20,9.087,C0_10k
2025-10-04 17:50:00,repeat,100,2025-09-04,2025-10-04,21,7.131,C0_10k
2025-10-04 17:50:00,repeat,100,2025-09-04,2025-10-04,22,7.300,C0_10k
2025-10-04 17:50:00,repeat,100,2025-09-04,2025-10-04,23,6.220,C0_10k
2025-10-04 17:50:01,repeat,100,2025-09-04,2025-10-04,24,6.748,C0_10k
2025-10-04 17:50:01,repeat,100,2025-09-04,2025-10-04,25,6.260,C0_10k
2025-10-04 17:50:01,repeat,100,2025-09-04,2025-10-04,26,5.938,C0_10k
2025-10-04 17:50:01,repeat,100,2025-09-04,2025-10-04,27,7.985,C0_10k
2025-10-04 17:50:01,repeat,100,2025-09-04,2025-10-04,28,5.803,C0_10k
2025-10-04 17:50:01,repeat,100,2025-09-04,2025-10-04,29,7.937,C0_10k
2025-10-04 17:50:01,repeat,100,2025-09-04,2025-10-04,30,7.338,C0_10k
2025-10-04 17:50:19,initial,100,2025-09-04,2025-10-04,1,48.760,C1_10k
2025-10-04 17:50:19,initial,100,2025-09-04,2025-10-04,2,6.469,C1_10k
2025-10-04 17:50:19,initial,100,2025-09-04,2025-10-04,3,6.206,C1_10k
2025-10-04 17:50:19,initial,100,2025-09-04,2025-10-04,4,5.953,C1_10k
2025-10-04 17:50:19,initial,100,2025-09-04,2025-10-04,5,6.685,C1_10k
2025-10-04 17:50:19,initial,100,2025-09-04,2025-10-04,6,6.130,C1_10k
2025-10-04 17:50:19,initial,100,2025-09-04,2025-10-04,7,6.381,C1_10k
2025-10-04 17:50:19,initial,100,2025-09-04,2025-10-04,8,6.507,C1_10k
2025-10-04 17:50:19,initial,100,2025-09-04,2025-10-04,9,5.566,C1_10k
2025-10-04 17:50:19,initial,100,2025-09-04,2025-10-04,10,6.796,C1_10k
2025-10-04 17:50:19,initial,100,2025-09-04,2025-10-04,11,5.926,C1_10k
2025-10-04 17:50:19,initial,100,2025-09-04,2025-10-04,12,7.038,C1_10k
2025-10-04 17:50:19,initial,100,2025-09-04,2025-10-04,13,6.414,C1_10k
2025-10-04 17:50:19,initial,100,2025-09-04,2025-10-04,14,5.749,C1_10k
2025-10-04 17:50:19,initial,100,2025-09-04,2025-10-04,15,6.479,C1_10k
2025-10-04 17:50:19,initial,100,2025-09-04,2025-10-04,16,5.916,C1_10k
2025-10-04 17:50:19,initial,100,2025-09-04,2025-10-04,17,6.271,C1_10k
2025-10-04 17:50:19,initial,100,2025-09-04,2025-10-04,18,9.077,C1_10k
2025-10-04 17:50:19,initial,100,2025-09-04,2025-10-04,19,5.603,C1_10k
2025-10-04 17:50:19,initial,100,2025-09-04,2025-10-04,20,8.450,C1_10k
2025-10-04 17:50:19,initial,100,2025-09-04,2025-10-04,21,5.844,C1_10k
2025-10-04 17:50:19,initial,100,2025-09-04,2025-10-04,22,6.290,C1_10k
2025-10-04 17:50:19,initial,100,2025-09-04,2025-10-04,23,5.626,C1_10k
2025-10-04 17:50:19,initial,100,2025-09-04,2025-10-04,24,5.650,C1_10k
2025-10-04 17:50:19,initial,100,2025-09-04,2025-10-04,25,6.667,C1_10k
2025-10-04 17:50:19,initial,100,2025-09-04,2025-10-04,26,5.733,C1_10k
2025-10-04 17:50:19,initial,100,2025-09-04,2025-10-04,27,5.760,C1_10k
2025-10-04 17:50:19,initial,100,2025-09-04,2025-10-04,28,5.558,C1_10k
2025-10-04 17:50:19,initial,100,2025-09-04,2025-10-04,29,5.463,C1_10k
2025-10-04 17:50:19,initial,100,2025-09-04,2025-10-04,30,6.699,C1_10k
2025-10-04 17:50:28,repeat,100,2025-09-04,2025-10-04,1,6.576,C1_10k
2025-10-04 17:50:28,repeat,100,2025-09-04,2025-10-04,2,5.524,C1_10k
2025-10-04 17:50:28,repeat,100,2025-09-04,2025-10-04,3,6.376,C1_10k
2025-10-04 17:50:28,repeat,100,2025-09-04,2025-10-04,4,5.691,C1_10k
2025-10-04 17:50:28,repeat,100,2025-09-04,2025-10-04,5,5.533,C1_10k
2025-10-04 17:50:28,repeat,100,2025-09-04,2025-10-04,6,6.001,C1_10k
2025-10-04 17:50:28,repeat,100,2025-09-04,2025-10-04,7,6.502,C1_10k
2025-10-04 17:50:28,repeat,100,2025-09-04,2025-10-04,8,6.074,C1_10k
2025-10-04 17:50:28,repeat,100,2025-09-04,2025-10-04,9,6.252,C1_10k
2025-10-04 17:50:28,repeat,100,2025-09-04,2025-10-04,10,5.897,C1_10k
2025-10-04 17:50:28,repeat,100,2025-09-04,2025-10-04,11,6.500,C1_10k
2025-10-04 17:50:28,repeat,100,2025-09-04,2025-10-04,12,6.249,C1_10k
2025-10-04 17:50:28,repeat,100,2025-09-04,2025-10-04,13,5.728,C1_10k
2025-10-04 17:50:28,repeat,100,2025-09-04,2025-10-04,14,7.092,C1_10k
2025-10-04 17:50:28,repeat,100,2025-09-04,2025-10-04,15,5.427,C1_10k
2025-10-04 17:50:28,repeat,100,2025-09-04,2025-10-04,16,5.953,C1_10k
2025-10-04 17:50:28,repeat,100,2025-09-04,2025-10-04,17,6.557,C1_10k
2025-10-04 17:50:28,repeat,100,2025-09-04,2025-10-04,18,5.845,C1_10k
2025-10-04 17:50:28,repeat,100,2025-09-04,2025-10-04,19,6.775,C1_10k
2025-10-04 17:50:28,repeat,100,2025-09-04,2025-10-04,20,5.409,C1_10k
2025-10-04 17:50:28,repeat,100,2025-09-04,2025-10-04,21,6.777,C1_10k
2025-10-04 17:50:28,repeat,100,2025-09-04,2025-10-04,22,7.087,C1_10k
2025-10-04 17:50:28,repeat,100,2025-09-04,2025-10-04,23,5.661,C1_10k
2025-10-04 17:50:28,repeat,100,2025-09-04,2025-10-04,24,7.161,C1_10k
2025-10-04 17:50:28,repeat,100,2025-09-04,2025-10-04,25,7.951,C1_10k
2025-10-04 17:50:28,repeat,100,2025-09-04,2025-10-04,26,5.867,C1_10k
2025-10-04 17:50:28,repeat,100,2025-09-04,2025-10-04,27,5.698,C1_10k
2025-10-04 17:50:28,repeat,100,2025-09-04,2025-10-04,28,5.547,C1_10k
2025-10-04 17:50:28,repeat,100,2025-09-04,2025-10-04,29,6.863,C1_10k
2025-10-04 17:50:28,repeat,100,2025-09-04,2025-10-04,30,5.648,C1_10k
2025-10-04 17:50:50,initial,100,2025-09-04,2025-10-04,1,23.583,C2_10k
2025-10-04 17:50:50,initial,100,2025-09-04,2025-10-04,2,4.012,C2_10k
2025-10-04 17:50:50,initial,100,2025-09-04,2025-10-04,3,3.383,C2_10k
2025-10-04 17:50:50,initial,100,2025-09-04,2025-10-04,4,4.343,C2_10k
2025-10-04 17:50:50,initial,100,2025-09-04,2025-10-04,5,3.210,C2_10k
2025-10-04 17:50:50,initial,100,2025-09-04,2025-10-04,6,3.653,C2_10k
2025-10-04 17:50:50,initial,100,2025-09-04,2025-10-04,7,3.119,C2_10k
2025-10-04 17:50:50,initial,100,2025-09-04,2025-10-04,8,3.081,C2_10k
2025-10-04 17:50:50,initial,100,2025-09-04,2025-10-04,9,2.988,C2_10k
2025-10-04 17:50:50,initial,100,2025-09-04,2025-10-04,10,2.878,C2_10k
2025-10-04 17:50:50,initial,100,2025-09-04,2025-10-04,11,3.827,C2_10k
2025-10-04 17:50:50,initial,100,2025-09-04,2025-10-04,12,3.612,C2_10k
2025-10-04 17:50:50,initial,100,2025-09-04,2025-10-04,13,3.224,C2_10k
2025-10-04 17:50:50,initial,100,2025-09-04,2025-10-04,14,2.988,C2_10k
2025-10-04 17:50:50,initial,100,2025-09-04,2025-10-04,15,3.045,C2_10k
2025-10-04 17:50:50,initial,100,2025-09-04,2025-10-04,16,3.625,C2_10k
2025-10-04 17:50:50,initial,100,2025-09-04,2025-10-04,17,2.940,C2_10k
2025-10-04 17:50:50,initial,100,2025-09-04,2025-10-04,18,3.391,C2_10k
2025-10-04 17:50:50,initial,100,2025-09-04,2025-10-04,19,3.029,C2_10k
2025-10-04 17:50:50,initial,100,2025-09-04,2025-10-04,20,2.906,C2_10k
2025-10-04 17:50:50,initial,100,2025-09-04,2025-10-04,21,3.919,C2_10k
2025-10-04 17:50:50,initial,100,2025-09-04,2025-10-04,22,2.812,C2_10k
2025-10-04 17:50:50,initial,100,2025-09-04,2025-10-04,23,3.499,C2_10k
2025-10-04 17:50:50,initial,100,2025-09-04,2025-10-04,24,3.320,C2_10k
2025-10-04 17:50:50,initial,100,2025-09-04,2025-10-04,25,3.083,C2_10k
2025-10-04 17:50:50,initial,100,2025-09-04,2025-10-04,26,3.246,C2_10k
2025-10-04 17:50:50,initial,100,2025-09-04,2025-10-04,27,3.464,C2_10k
2025-10-04 17:50:50,initial,100,2025-09-04,2025-10-04,28,3.206,C2_10k
2025-10-04 17:50:50,initial,100,2025-09-04,2025-10-04,29,3.195,C2_10k
2025-10-04 17:50:50,initial,100,2025-09-04,2025-10-04,30,3.199,C2_10k
2025-10-04 17:50:56,repeat,100,2025-09-04,2025-10-04,1,3.072,C2_10k
2025-10-04 17:50:56,repeat,100,2025-09-04,2025-10-04,2,2.958,C2_10k
2025-10-04 17:50:56,repeat,100,2025-09-04,2025-10-04,3,3.652,C2_10k
2025-10-04 17:50:56,repeat,100,2025-09-04,2025-10-04,4,3.644,C2_10k
2025-10-04 17:50:56,repeat,100,2025-09-04,2025-10-04,5,3.028,C2_10k
2025-10-04 17:50:56,repeat,100,2025-09-04,2025-10-04,6,3.141,C2_10k
2025-10-04 17:50:56,repeat,100,2025-09-04,2025-10-04,7,3.173,C2_10k
2025-10-04 17:50:56,repeat,100,2025-09-04,2025-10-04,8,3.099,C2_10k
2025-10-04 17:50:56,repeat,100,2025-09-04,2025-10-04,9,3.406,C2_10k
2025-10-04 17:50:56,repeat,100,2025-09-04,2025-10-04,10,3.104,C2_10k
2025-10-04 17:50:56,repeat,100,2025-09-04,2025-10-04,11,3.299,C2_10k
2025-10-04 17:50:56,repeat,100,2025-09-04,2025-10-04,12,3.026,C2_10k
2025-10-04 17:50:56,repeat,100,2025-09-04,2025-10-04,13,4.212,C2_10k
2025-10-04 17:50:56,repeat,100,2025-09-04,2025-10-04,14,2.911,C2_10k
2025-10-04 17:50:56,repeat,100,2025-09-04,2025-10-04,15,2.973,C2_10k
2025-10-04 17:50:56,repeat,100,2025-09-04,2025-10-04,16,3.357,C2_10k
2025-10-04 17:50:56,repeat,100,2025-09-04,2025-10-04,17,3.153,C2_10k
2025-10-04 17:50:56,repeat,100,2025-09-04,2025-10-04,18,3.426,C2_10k
2025-10-04 17:50:56,repeat,100,2025-09-04,2025-10-04,19,3.008,C2_10k
2025-10-04 17:50:56,repeat,100,2025-09-04,2025-10-04,20,3.047,C2_10k
2025-10-04 17:50:56,repeat,100,2025-09-04,2025-10-04,21,3.095,C2_10k
2025-10-04 17:50:56,repeat,100,2025-09-04,2025-10-04,22,2.948,C2_10k
2025-10-04 17:50:56,repeat,100,2025-09-04,2025-10-04,23,3.593,C2_10k
2025-10-04 17:50:56,repeat,100,2025-09-04,2025-10-04,24,3.089,C2_10k
2025-10-04 17:50:56,repeat,100,2025-09-04,2025-10-04,25,3.049,C2_10k
2025-10-04 17:50:56,repeat,100,2025-09-04,2025-10-04,26,3.090,C2_10k
2025-10-04 17:50:56,repeat,100,2025-09-04,2025-10-04,27,3.470,C2_10k
2025-10-04 17:50:56,repeat,100,2025-09-04,2025-10-04,28,3.354,C2_10k
2025-10-04 17:50:56,repeat,100,2025-09-04,2025-10-04,29,3.004,C2_10k
2025-10-04 17:50:56,repeat,100,2025-09-04,2025-10-04,30,3.001,C2_10k
2025-10-04 17:51:14,initial,100,2025-09-04,2025-10-04,1,123.455,C3_10k
2025-10-04 17:51:14,initial,100,2025-09-04,2025-10-04,2,3.795,C3_10k
2025-10-04 17:51:14,initial,100,2025-09-04,2025-10-04,3,4.154,C3_10k
2025-10-04 17:51:14,initial,100,2025-09-04,2025-10-04,4,4.826,C3_10k
2025-10-04 17:51:14,initial,100,2025-09-04,2025-10-04,5,4.894,C3_10k
2025-10-04 17:51:14,initial,100,2025-09-04,2025-10-04,6,4.223,C3_10k
2025-10-04 17:51:14,initial,100,2025-09-04,2025-10-04,7,4.189,C3_10k
2025-10-04 17:51:14,initial,100,2025-09-04,2025-10-04,8,3.767,C3_10k
2025-10-04 17:51:14,initial,100,2025-09-04,2025-10-04,9,4.443,C3_10k
2025-10-04 17:51:14,initial,100,2025-09-04,2025-10-04,10,4.536,C3_10k
2025-10-04 17:51:14,initial,100,2025-09-04,2025-10-04,11,3.733,C3_10k
2025-10-04 17:51:14,initial,100,2025-09-04,2025-10-04,12,4.260,C3_10k
2025-10-04 17:51:14,initial,100,2025-09-04,2025-10-04,13,3.565,C3_10k
2025-10-04 17:51:14,initial,100,2025-09-04,2025-10-04,14,4.203,C3_10k
2025-10-04 17:51:14,initial,100,2025-09-04,2025-10-04,15,3.560,C3_10k
2025-10-04 17:51:14,initial,100,2025-09-04,2025-10-04,16,3.647,C3_10k
2025-10-04 17:51:14,initial,100,2025-09-04,2025-10-04,17,3.964,C3_10k
2025-10-04 17:51:14,initial,100,2025-09-04,2025-10-04,18,4.086,C3_10k
2025-10-04 17:51:14,initial,100,2025-09-04,2025-10-04,19,3.433,C3_10k
2025-10-04 17:51:14,initial,100,2025-09-04,2025-10-04,20,3.749,C3_10k
2025-10-04 17:51:14,initial,100,2025-09-04,2025-10-04,21,4.433,C3_10k
2025-10-04 17:51:14,initial,100,2025-09-04,2025-10-04,22,5.622,C3_10k
2025-10-04 17:51:14,initial,100,2025-09-04,2025-10-04,23,3.613,C3_10k
2025-10-04 17:51:14,initial,100,2025-09-04,2025-10-04,24,4.396,C3_10k
2025-10-04 17:51:14,initial,100,2025-09-04,2025-10-04,25,3.952,C3_10k
2025-10-04 17:51:14,initial,100,2025-09-04,2025-10-04,26,4.214,C3_10k
2025-10-04 17:51:14,initial,100,2025-09-04,2025-10-04,27,3.702,C3_10k
2025-10-04 17:51:14,initial,100,2025-09-04,2025-10-04,28,3.609,C3_10k
2025-10-04 17:51:14,initial,100,2025-09-04,2025-10-04,29,3.686,C3_10k
2025-10-04 17:51:14,initial,100,2025-09-04,2025-10-04,30,3.902,C3_10k
2025-10-04 17:51:22,repeat,100,2025-09-04,2025-10-04,1,3.033,C3_10k
2025-10-04 17:51:22,repeat,100,2025-09-04,2025-10-04,2,3.039,C3_10k
2025-10-04 17:51:22,repeat,100,2025-09-04,2025-10-04,3,3.160,C3_10k
2025-10-04 17:51:22,repeat,100,2025-09-04,2025-10-04,4,3.325,C3_10k
2025-10-04 17:51:22,repeat,100,2025-09-04,2025-10-04,5,3.005,C3_10k
2025-10-04 17:51:22,repeat,100,2025-09-04,2025-10-04,6,3.212,C3_10k
2025-10-04 17:51:22,repeat,100,2025-09-04,2025-10-04,7,3.257,C3_10k
2025-10-04 17:51:22,repeat,100,2025-09-04,2025-10-04,8,3.314,C3_10k
2025-10-04 17:51:22,repeat,100,2025-09-04,2025-10-04,9,3.313,C3_10k
2025-10-04 17:51:22,repeat,100,2025-09-04,2025-10-04,10,3.110,C3_10k
2025-10-04 17:51:22,repeat,100,2025-09-04,2025-10-04,11,3.284,C3_10k
2025-10-04 17:51:22,repeat,100,2025-09-04,2025-10-04,12,3.031,C3_10k
2025-10-04 17:51:22,repeat,100,2025-09-04,2025-10-04,13,3.583,C3_10k
2025-10-04 17:51:22,repeat,100,2025-09-04,2025-10-04,14,3.141,C3_10k
2025-10-04 17:51:22,repeat,100,2025-09-04,2025-10-04,15,4.237,C3_10k
2025-10-04 17:51:22,repeat,100,2025-09-04,2025-10-04,16,2.974,C3_10k
2025-10-04 17:51:22,repeat,100,2025-09-04,2025-10-04,17,3.429,C3_10k
2025-10-04 17:51:22,repeat,100,2025-09-04,2025-10-04,18,3.687,C3_10k
2025-10-04 17:51:22,repeat,100,2025-09-04,2025-10-04,19,3.142,C3_10k
2025-10-04 17:51:22,repeat,100,2025-09-04,2025-10-04,20,2.943,C3_10k
2025-10-04 17:51:22,repeat,100,2025-09-04,2025-10-04,21,3.335,C3_10k
2025-10-04 17:51:22,repeat,100,2025-09-04,2025-10-04,22,3.640,C3_10k
2025-10-04 17:51:22,repeat,100,2025-09-04,2025-10-04,23,3.134,C3_10k
2025-10-04 17:51:22,repeat,100,2025-09-04,2025-10-04,24,2.993,C3_10k
2025-10-04 17:51:22,repeat,100,2025-09-04,2025-10-04,25,3.341,C3_10k
2025-10-04 17:51:22,repeat,100,2025-09-04,2025-10-04,26,3.172,C3_10k
2025-10-04 17:51:22,repeat,100,2025-09-04,2025-10-04,27,4.076,C3_10k
2025-10-04 17:51:22,repeat,100,2025-09-04,2025-10-04,28,3.047,C3_10k
2025-10-04 17:51:22,repeat,100,2025-09-04,2025-10-04,29,4.043,C3_10k
2025-10-04 17:51:22,repeat,100,2025-09-04,2025-10-04,30,3.409,C3_10k
